FILE,Z_ABS,LOG_NHI,Z_TOT,DELTA,DV_90,Z_QSO
abs_templates/PAQS_absorber_000004.fits,2.418269360041843,21.433937331572444,-0.9268760232805536,1.9484020805367506,423.0914569995133,2.6221798296988745
abs_templates/PAQS_absorber_000007.fits,2.1385181671110627,21.24900051896371,-1.365498613359406,1.6969334403750933,470.00518417086306,3.024131005380316
